{
  "model": "gpt2",
  "n_conversations": 180,
  "t0_stats": {
    "n": 30,
    "mean": 16.38971645369607,
    "std": 2.0153981743736797,
    "median": 16.57987370300375
  },
  "pairwise": {
    "T0_vs_T1": {
      "label_a": "T0",
      "label_b": "T1",
      "n_a": 30,
      "n_b": 30,
      "mean_a": 16.38971645369607,
      "mean_b": 11.794671933562775,
      "median_a": 16.57987370300375,
      "median_b": 10.552922463021252,
      "u_statistic": 855.0,
      "p_value": 1.883239507327309e-09,
      "cohens_d": 2.1669429428460303,
      "rank_biserial_r": -0.8999999999999999,
      "significant_at_005": "True",
      "significant_at_001": "True"
    },
    "T0_vs_T2": {
      "label_a": "T0",
      "label_b": "T2",
      "n_a": 30,
      "n_b": 30,
      "mean_a": 16.38971645369607,
      "mean_b": 16.82899946000394,
      "median_a": 16.57987370300375,
      "median_b": 16.222705568490834,
      "u_statistic": 432.0,
      "p_value": 0.7949353172849525,
      "cohens_d": -0.12433395985033033,
      "rank_biserial_r": 0.040000000000000036,
      "significant_at_005": "False",
      "significant_at_001": "False"
    },
    "T0_vs_T3": {
      "label_a": "T0",
      "label_b": "T3",
      "n_a": 30,
      "n_b": 30,
      "mean_a": 16.38971645369607,
      "mean_b": 13.28193336605046,
      "median_a": 16.57987370300375,
      "median_b": 13.389188609240401,
      "u_statistic": 840.0,
      "p_value": 7.260174692293889e-09,
      "cohens_d": 1.712265978748381,
      "rank_biserial_r": -0.8666666666666667,
      "significant_at_005": "True",
      "significant_at_001": "True"
    },
    "T0_vs_T4": {
      "label_a": "T0",
      "label_b": "T4",
      "n_a": 30,
      "n_b": 30,
      "mean_a": 16.38971645369607,
      "mean_b": 11.570957973616975,
      "median_a": 16.57987370300375,
      "median_b": 11.26479577400572,
      "u_statistic": 855.0,
      "p_value": 1.883239507327309e-09,
      "cohens_d": 2.7562622843843347,
      "rank_biserial_r": -0.8999999999999999,
      "significant_at_005": "True",
      "significant_at_001": "True"
    },
    "T0_vs_T5": {
      "label_a": "T0",
      "label_b": "T5",
      "n_a": 30,
      "n_b": 30,
      "mean_a": 16.38971645369607,
      "mean_b": 35.717929975696435,
      "median_a": 16.57987370300375,
      "median_b": 35.2746814088935,
      "u_statistic": 0.0,
      "p_value": 2.457137655165779e-11,
      "cohens_d": -3.299502613282084,
      "rank_biserial_r": 1.0,
      "significant_at_005": "True",
      "significant_at_001": "True"
    }
  },
  "per_block": {
    "min": {
      "T0_vs_T2": {
        "cohens_d": -0.1781213774491241,
        "p_value": 0.18376882029632535
      },
      "T0_vs_T3": {
        "cohens_d": 1.797758913328411,
        "p_value": 7.260174692293889e-09
      },
      "T0_vs_T4": {
        "cohens_d": 2.0459499046150613,
        "p_value": 1.883239507327309e-09
      },
      "T0_vs_T5": {
        "cohens_d": -3.209840595450806,
        "p_value": 2.457137655165779e-11
      }
    },
    "nar": {
      "T0_vs_T2": {
        "cohens_d": -0.005845331430789495,
        "p_value": 0.4182704730489182
      },
      "T0_vs_T3": {
        "cohens_d": 2.240112616369067,
        "p_value": 5.623242574137781e-10
      },
      "T0_vs_T4": {
        "cohens_d": 2.574291056394708,
        "p_value": 2.624802668524412e-10
      },
      "T0_vs_T5": {
        "cohens_d": -3.9300704021260233,
        "p_value": 2.457137655165779e-11
      }
    },
    "soc": {
      "T0_vs_T2": {
        "cohens_d": -0.47829632036954484,
        "p_value": 0.30197698969953524
      },
      "T0_vs_T3": {
        "cohens_d": 1.363290530865352,
        "p_value": 1.7982560160401196e-06
      },
      "T0_vs_T4": {
        "cohens_d": 2.2504127753185665,
        "p_value": 1.883239507327309e-09
      },
      "T0_vs_T5": {
        "cohens_d": -3.1830260425140504,
        "p_value": 2.457137655165779e-11
      }
    },
    "mor": {
      "T0_vs_T2": {
        "cohens_d": 0.12002917572902315,
        "p_value": 0.2815881185457042
      },
      "T0_vs_T3": {
        "cohens_d": 0.5287555606039347,
        "p_value": 0.26852647269632524
      },
      "T0_vs_T4": {
        "cohens_d": 2.4566566638490377,
        "p_value": 1.883239507327309e-09
      },
      "T0_vs_T5": {
        "cohens_d": -3.485300707405915,
        "p_value": 2.457137655165779e-11
      }
    },
    "pos": {
      "T0_vs_T2": {
        "cohens_d": 0.29680319582622583,
        "p_value": 0.26852647269632524
      },
      "T0_vs_T3": {
        "cohens_d": 1.356596272711025,
        "p_value": 2.998761777343453e-06
      },
      "T0_vs_T4": {
        "cohens_d": 3.1433426808307967,
        "p_value": 6.060542676234959e-11
      },
      "T0_vs_T5": {
        "cohens_d": -3.0022882356531255,
        "p_value": 1.2083977599798764e-10
      }
    }
  }
}