{
  "model": "gpt2",
  "n_layers": 12,
  "n_heads": 12,
  "d_model": 768,
  "d_head": 64,
  "mean_epsilon": 82.8072142501672,
  "std_epsilon": 43.01758559029678,
  "min_epsilon": 4.174208164215088,
  "max_epsilon": 216.59080505371094,
  "median_epsilon": 79.59362030029297,
  "per_layer_mean": {
    "0": 19.372661153475445,
    "1": 64.622545560201,
    "2": 65.27538617451985,
    "3": 54.816157499949135,
    "4": 60.70293347040812,
    "5": 63.22043418884277,
    "6": 84.81824080149333,
    "7": 84.96566104888916,
    "8": 95.70312054951985,
    "9": 110.66098626454671,
    "10": 125.68178749084473,
    "11": 163.8466567993164
  },
  "per_head": {
    "L0_H0": 30.62787628173828,
    "L0_H1": 6.940141201019287,
    "L0_H2": 17.356748580932617,
    "L0_H3": 4.9190897941589355,
    "L0_H4": 7.057829856872559,
    "L0_H5": 4.174208164215088,
    "L0_H6": 25.78017234802246,
    "L0_H7": 16.76080894470215,
    "L0_H8": 19.587129592895508,
    "L0_H9": 33.81809997558594,
    "L0_H10": 27.862815856933594,
    "L0_H11": 37.587013244628906,
    "L1_H0": 43.21274185180664,
    "L1_H1": 65.68916320800781,
    "L1_H2": 40.37325668334961,
    "L1_H3": 34.82154083251953,
    "L1_H4": 73.8123779296875,
    "L1_H5": 77.31285095214844,
    "L1_H6": 74.57353973388672,
    "L1_H7": 105.66386413574219,
    "L1_H8": 76.56588745117188,
    "L1_H9": 58.8447265625,
    "L1_H10": 50.52717208862305,
    "L1_H11": 74.07342529296875,
    "L2_H0": 63.324241638183594,
    "L2_H1": 132.24615478515625,
    "L2_H2": 34.52402114868164,
    "L2_H3": 49.355674743652344,
    "L2_H4": 59.039222717285156,
    "L2_H5": 55.111183166503906,
    "L2_H6": 81.09024810791016,
    "L2_H7": 48.0865478515625,
    "L2_H8": 49.27876663208008,
    "L2_H9": 45.686485290527344,
    "L2_H10": 93.98561096191406,
    "L2_H11": 71.57647705078125,
    "L3_H0": 67.43475341796875,
    "L3_H1": 51.94072341918945,
    "L3_H2": 30.415990829467773,
    "L3_H3": 32.872764587402344,
    "L3_H4": 96.07540893554688,
    "L3_H5": 94.51605987548828,
    "L3_H6": 33.96501159667969,
    "L3_H7": 30.70438003540039,
    "L3_H8": 41.484291076660156,
    "L3_H9": 38.92930603027344,
    "L3_H10": 104.69291687011719,
    "L3_H11": 34.76228332519531,
    "L4_H0": 31.718040466308594,
    "L4_H1": 42.70392608642578,
    "L4_H2": 83.86219024658203,
    "L4_H3": 34.87311553955078,
    "L4_H4": 79.9400405883789,
    "L4_H5": 44.29474639892578,
    "L4_H6": 88.46581268310547,
    "L4_H7": 49.52496337890625,
    "L4_H8": 105.88365936279297,
    "L4_H9": 55.29575729370117,
    "L4_H10": 93.06966400146484,
    "L4_H11": 18.803285598754883,
    "L5_H0": 59.045875549316406,
    "L5_H1": 55.556373596191406,
    "L5_H2": 56.552040100097656,
    "L5_H3": 62.32748031616211,
    "L5_H4": 57.15671157836914,
    "L5_H5": 56.96072769165039,
    "L5_H6": 33.573204040527344,
    "L5_H7": 50.31184005737305,
    "L5_H8": 65.01502227783203,
    "L5_H9": 122.962646484375,
    "L5_H10": 58.75102233886719,
    "L5_H11": 80.43226623535156,
    "L6_H0": 55.68409729003906,
    "L6_H1": 66.06949615478516,
    "L6_H2": 112.77287292480469,
    "L6_H3": 121.47610473632812,
    "L6_H4": 72.33182525634766,
    "L6_H5": 98.60525512695312,
    "L6_H6": 112.87484741210938,
    "L6_H7": 85.60708618164062,
    "L6_H8": 57.552284240722656,
    "L6_H9": 59.015193939208984,
    "L6_H10": 118.71124267578125,
    "L6_H11": 57.11858367919922,
    "L7_H0": 50.92871856689453,
    "L7_H1": 76.97203063964844,
    "L7_H2": 85.8822250366211,
    "L7_H3": 101.30120086669922,
    "L7_H4": 119.01913452148438,
    "L7_H5": 70.66573333740234,
    "L7_H6": 129.9235076904297,
    "L7_H7": 95.387939453125,
    "L7_H8": 53.59150695800781,
    "L7_H9": 82.99809265136719,
    "L7_H10": 60.52971267700195,
    "L7_H11": 92.38813018798828,
    "L8_H0": 91.41770935058594,
    "L8_H1": 94.00675201416016,
    "L8_H2": 95.01451110839844,
    "L8_H3": 107.84567260742188,
    "L8_H4": 81.62261962890625,
    "L8_H5": 87.31732940673828,
    "L8_H6": 84.9372329711914,
    "L8_H7": 66.24909973144531,
    "L8_H8": 79.24720001220703,
    "L8_H9": 131.5321044921875,
    "L8_H10": 122.42202758789062,
    "L8_H11": 106.82518768310547,
    "L9_H0": 86.89197540283203,
    "L9_H1": 129.16087341308594,
    "L9_H2": 90.27117919921875,
    "L9_H3": 60.95012283325195,
    "L9_H4": 130.06588745117188,
    "L9_H5": 144.15853881835938,
    "L9_H6": 136.0406951904297,
    "L9_H7": 111.55377960205078,
    "L9_H8": 100.6817855834961,
    "L9_H9": 140.1198272705078,
    "L9_H10": 92.33429718017578,
    "L9_H11": 105.70287322998047,
    "L10_H0": 149.73086547851562,
    "L10_H1": 136.20774841308594,
    "L10_H2": 142.68568420410156,
    "L10_H3": 108.57738494873047,
    "L10_H4": 93.26962280273438,
    "L10_H5": 150.63876342773438,
    "L10_H6": 148.0548095703125,
    "L10_H7": 118.99665832519531,
    "L10_H8": 117.748046875,
    "L10_H9": 89.23743438720703,
    "L10_H10": 169.96932983398438,
    "L10_H11": 83.06510162353516,
    "L11_H0": 152.53761291503906,
    "L11_H1": 158.76454162597656,
    "L11_H2": 216.59080505371094,
    "L11_H3": 149.66148376464844,
    "L11_H4": 140.286376953125,
    "L11_H5": 168.2815704345703,
    "L11_H6": 201.55430603027344,
    "L11_H7": 159.09701538085938,
    "L11_H8": 145.7314910888672,
    "L11_H9": 183.1540985107422,
    "L11_H10": 122.04763793945312,
    "L11_H11": 168.45294189453125
  }
}