{
  "model": "gpt2",
  "descriptive_stats": {
    "T0": {
      "n": 30,
      "median": 18.441366800906863,
      "mean": 22.22099975167236,
      "std": 6.938351038020465,
      "iqr": 12.03472327779788,
      "ci_95_low": 18.441366800906863,
      "ci_95_high": 24.435050164466652
    },
    "T1": {
      "n": 30,
      "median": 12.974034290996562,
      "mean": 15.041115890966744,
      "std": 6.707580910741618,
      "iqr": 4.919677775771925,
      "ci_95_low": 10.760345776344796,
      "ci_95_high": 15.680022434902147
    },
    "T2": {
      "n": 30,
      "median": 22.220391039930647,
      "mean": 24.051505411643838,
      "std": 11.745627941028566,
      "iqr": 16.37984456923342,
      "ci_95_low": 16.186514337448422,
      "ci_95_high": 31.57977834373088
    },
    "T3": {
      "n": 30,
      "median": 19.5468884442873,
      "mean": 19.980472210720166,
      "std": 4.0661976930881085,
      "iqr": 1.654633951166538,
      "ci_95_low": 18.5962115400549,
      "ci_95_high": 20.25084533893097
    },
    "T4": {
      "n": 30,
      "median": 19.71709419396806,
      "mean": 20.497580748286126,
      "std": 8.655397689164115,
      "iqr": 11.45953622757699,
      "ci_95_low": 12.410129752159811,
      "ci_95_high": 23.833561977765314
    },
    "T5": {
      "n": 30,
      "median": 31.416826736397084,
      "mean": 34.83597065143942,
      "std": 12.164631300603503,
      "iqr": 20.664457969827758,
      "ci_95_low": 28.8878751745547,
      "ci_95_high": 34.80110477673049
    }
  },
  "h1a_results": {
    "T2": {
      "target_layer": "nar",
      "n_conversations": 30,
      "above_mean_count": 22,
      "above_mean_ratio": 0.7333333333333333,
      "passed": true
    },
    "T3": {
      "target_layer": "mor",
      "n_conversations": 30,
      "above_mean_count": 12,
      "above_mean_ratio": 0.4,
      "passed": false
    },
    "T4": {
      "target_layer": "soc",
      "n_conversations": 30,
      "above_mean_count": 25,
      "above_mean_ratio": 0.8333333333333334,
      "passed": true
    },
    "T5": {
      "target_layer": "pos",
      "n_conversations": 30,
      "above_mean_count": 0,
      "above_mean_ratio": 0.0,
      "passed": false
    }
  }
}