{
  "model": "gpt2",
  "n_conversations": 180,
  "holonomy": {
    "epsilon_sq": 0.6793074848539775
  },
  "attention_distance": {
    "epsilon_sq": 0.6178348190990927,
    "spearman_rho_with_holonomy": 0.6031687181768748,
    "spearman_p_value": 3.2406747127230216e-19,
    "mean_per_scenario": {
      "T0": 0.015601682229757762,
      "T1": 0.011741270868559226,
      "T2": 0.01186307868496938,
      "T3": 0.012343716857757309,
      "T4": 0.011526945158557006,
      "T5": 0.015058541753696222
    }
  },
  "attention_entropy": {
    "epsilon_sq": 0.4197302003174761,
    "spearman_rho_with_holonomy": 0.6301946874948506,
    "spearman_p_value": 2.5821369668499483e-21,
    "mean_per_scenario": {
      "T0": 0.24114427665869395,
      "T1": 0.2136744017402331,
      "T2": 0.21930862069129944,
      "T3": 0.22099732557932536,
      "T4": 0.211054557065169,
      "T5": 0.24362190415461857
    }
  },
  "residual_norm_change": {
    "epsilon_sq": 0.6671814666512872,
    "spearman_rho_with_holonomy": -0.5193183877931024,
    "spearman_p_value": 8.061954527377524e-14,
    "mean_per_scenario": {
      "T0": 481.74277750651044,
      "T1": 499.091103108724,
      "T2": 473.0271423339844,
      "T3": 436.8710520426432,
      "T4": 486.4134033203125,
      "T5": 417.102934773763
    }
  }
}