{
  "H1": {
    "T2": {
      "target_layer": "nar",
      "n_conversations": 360,
      "mean_target_ratio": 0.18534601794628464,
      "median_target_ratio": 0.16453214558035248,
      "n_heads_assigned": 2,
      "head_assigned": true
    },
    "T3": {
      "target_layer": "mor",
      "n_conversations": 360,
      "mean_target_ratio": 0.18042282794219963,
      "median_target_ratio": 0.19494271180402487,
      "n_heads_assigned": 1,
      "head_assigned": true
    },
    "T4": {
      "target_layer": "soc",
      "n_conversations": 360,
      "mean_target_ratio": 0.263222157311848,
      "median_target_ratio": 0.24638627382062497,
      "n_heads_assigned": 4,
      "head_assigned": true
    },
    "T5": {
      "target_layer": "pos",
      "n_conversations": 360,
      "mean_target_ratio": 0.1810841583380427,
      "median_target_ratio": 0.16894612815306992,
      "n_heads_assigned": 2,
      "head_assigned": true
    },
    "aggregate": {
      "n_total": 1440,
      "mean_ratio": 0.20251879038459372,
      "chance_level": 0.2,
      "t_statistic": 1.1346989498981226,
      "p_value": 0.12834522579176438,
      "passed": false
    },
    "head_assigned_layers": {
      "n": 1440,
      "mean_ratio": 0.20251879038459372,
      "median_ratio": 0.19619431468509974,
      "scenarios": [
        "T2",
        "T3",
        "T4",
        "T5"
      ]
    }
  },
  "H2": {
    "t1_mean": 14.092190919503906,
    "t1_std": 5.688267346650896,
    "failure_mean": 19.349956577814428,
    "failure_std": 14.676888429216106,
    "mean_difference": 5.257765658310522,
    "cohens_d": 0.4723828336681586,
    "mean_diff_ci_95": [
      -1.1259388538616313,
      1.1223545780692512
    ],
    "mann_whitney_statistic": 448142.0,
    "p_value": 1.3610927299448722e-07,
    "passed": "True"
  },
  "H3": {
    "per_layer": {
      "min": {
        "statistic": 114.0459127413373,
        "epsilon_squared": 0.6371280041415491,
        "p_value": 5.715528411365973e-23,
        "corrected_alpha": 0.01,
        "n_groups": 6,
        "scenario_labels": [
          "T0",
          "T1",
          "T2",
          "T3",
          "T4",
          "T5"
        ],
        "passed": "True"
      },
      "nar": {
        "statistic": 119.43246879820998,
        "epsilon_squared": 0.6672204960793854,
        "p_value": 4.139366721061321e-24,
        "corrected_alpha": 0.01,
        "n_groups": 6,
        "scenario_labels": [
          "T0",
          "T1",
          "T2",
          "T3",
          "T4",
          "T5"
        ],
        "passed": "True"
      },
      "soc": {
        "statistic": 121.06663812350682,
        "epsilon_squared": 0.6763499336508761,
        "p_value": 1.8654587746577754e-24,
        "corrected_alpha": 0.01,
        "n_groups": 6,
        "scenario_labels": [
          "T0",
          "T1",
          "T2",
          "T3",
          "T4",
          "T5"
        ],
        "passed": "True"
      },
      "mor": {
        "statistic": 121.97629129867732,
        "epsilon_squared": 0.6814317949646778,
        "p_value": 1.1968888194344158e-24,
        "corrected_alpha": 0.01,
        "n_groups": 6,
        "scenario_labels": [
          "T0",
          "T1",
          "T2",
          "T3",
          "T4",
          "T5"
        ],
        "passed": "True"
      },
      "pos": {
        "statistic": 122.53246397694527,
        "epsilon_squared": 0.6845389048991356,
        "p_value": 9.12426696343724e-25,
        "corrected_alpha": 0.01,
        "n_groups": 6,
        "scenario_labels": [
          "T0",
          "T1",
          "T2",
          "T3",
          "T4",
          "T5"
        ],
        "passed": "True"
      }
    },
    "n_layers": 5,
    "corrected_alpha": 0.01,
    "all_layers_passed": true,
    "passed": true
  },
  "H4": {
    "per_layer": {
      "0": {
        "statistic": 116.13495243352503,
        "epsilon_squared": 0.6487986169470672,
        "p_value": 2.0656100786072048e-23,
        "corrected_alpha": 0.004166666666666667,
        "n_groups": 6,
        "scenario_labels": [
          "T0",
          "T1",
          "T2",
          "T3",
          "T4",
          "T5"
        ],
        "passed": "True"
      },
      "1": {
        "statistic": 111.15506135306296,
        "epsilon_squared": 0.6209779963858266,
        "p_value": 2.3354225882114375e-22,
        "corrected_alpha": 0.004166666666666667,
        "n_groups": 6,
        "scenario_labels": [
          "T0",
          "T1",
          "T2",
          "T3",
          "T4",
          "T5"
        ],
        "passed": "True"
      },
      "2": {
        "statistic": 111.47366308544945,
        "epsilon_squared": 0.6227578943321198,
        "p_value": 1.9999233076144393e-22,
        "corrected_alpha": 0.004166666666666667,
        "n_groups": 6,
        "scenario_labels": [
          "T0",
          "T1",
          "T2",
          "T3",
          "T4",
          "T5"
        ],
        "passed": "True"
      },
      "3": {
        "statistic": 114.55172648178355,
        "epsilon_squared": 0.639953779227841,
        "p_value": 4.467383212103667e-23,
        "corrected_alpha": 0.004166666666666667,
        "n_groups": 6,
        "scenario_labels": [
          "T0",
          "T1",
          "T2",
          "T3",
          "T4",
          "T5"
        ],
        "passed": "True"
      },
      "4": {
        "statistic": 98.04684418958487,
        "epsilon_squared": 0.5477477329027088,
        "p_value": 1.3632856293997708e-19,
        "corrected_alpha": 0.004166666666666667,
        "n_groups": 6,
        "scenario_labels": [
          "T0",
          "T1",
          "T2",
          "T3",
          "T4",
          "T5"
        ],
        "passed": "True"
      },
      "5": {
        "statistic": 98.2315604385343,
        "epsilon_squared": 0.5487796672543815,
        "p_value": 1.246457978843798e-19,
        "corrected_alpha": 0.004166666666666667,
        "n_groups": 6,
        "scenario_labels": [
          "T0",
          "T1",
          "T2",
          "T3",
          "T4",
          "T5"
        ],
        "passed": "True"
      },
      "6": {
        "statistic": 98.80112064088406,
        "epsilon_squared": 0.551961567826168,
        "p_value": 9.455615303189759e-20,
        "corrected_alpha": 0.004166666666666667,
        "n_groups": 6,
        "scenario_labels": [
          "T0",
          "T1",
          "T2",
          "T3",
          "T4",
          "T5"
        ],
        "passed": "True"
      },
      "7": {
        "statistic": 96.27826291737377,
        "epsilon_squared": 0.5378673905998534,
        "p_value": 3.2137556791350974e-19,
        "corrected_alpha": 0.004166666666666667,
        "n_groups": 6,
        "scenario_labels": [
          "T0",
          "T1",
          "T2",
          "T3",
          "T4",
          "T5"
        ],
        "passed": "True"
      },
      "8": {
        "statistic": 96.12552482409733,
        "epsilon_squared": 0.5370141051625549,
        "p_value": 3.460720313024548e-19,
        "corrected_alpha": 0.004166666666666667,
        "n_groups": 6,
        "scenario_labels": [
          "T0",
          "T1",
          "T2",
          "T3",
          "T4",
          "T5"
        ],
        "passed": "True"
      },
      "9": {
        "statistic": 78.80393370903163,
        "epsilon_squared": 0.4402454397152605,
        "p_value": 1.4928279292876902e-15,
        "corrected_alpha": 0.004166666666666667,
        "n_groups": 6,
        "scenario_labels": [
          "T0",
          "T1",
          "T2",
          "T3",
          "T4",
          "T5"
        ],
        "passed": "True"
      },
      "10": {
        "statistic": 76.46515316295087,
        "epsilon_squared": 0.4271796266086641,
        "p_value": 4.5998317048612174e-15,
        "corrected_alpha": 0.004166666666666667,
        "n_groups": 6,