{
  "model": "gpt2",
  "descriptive_stats": {
    "T0": {
      "n": 30,
      "median": 18.441411358447816,
      "mean": 22.22103040427005,
      "std": 6.938367959413397,
      "iqr": 12.03471755123789,
      "ci_95_low": 18.441411358447816,
      "ci_95_high": 24.435056856514162
    },
    "T1": {
      "n": 30,
      "median": 12.974048460838295,
      "mean": 15.041140623957002,
      "std": 6.707600758670619,
      "iqr": 4.919672303781706,
      "ci_95_low": 10.760356868187726,
      "ci_95_high": 15.680029171969432
    },
    "T2": {
      "n": 30,
      "median": 22.220426327751134,
      "mean": 24.051530376692234,
      "std": 11.745636840988377,
      "iqr": 16.379863405888823,
      "ci_95_low": 16.186548715800424,
      "ci_95_high": 31.579818977656647
    },
    "T3": {
      "n": 30,
      "median": 19.546888107738315,
      "mean": 19.980488807585868,
      "std": 4.066212968374922,
      "iqr": 1.6546221980005953,
      "ci_95_low": 18.59623330888141,
      "ci_95_high": 20.250855506882004
    },
    "T4": {
      "n": 30,
      "median": 19.71711227710835,
      "mean": 20.497592917054167,
      "std": 8.655397973396921,
      "iqr": 11.4595513469117,
      "ci_95_low": 12.41013150268884,
      "ci_95_high": 23.833590630333283
    },
    "T5": {
      "n": 30,
      "median": 31.416853101830124,
      "mean": 34.836010403516624,
      "std": 12.164634539494529,
      "iqr": 20.66447752993754,
      "ci_95_low": 28.88790688980788,
      "ci_95_high": 34.801161879613
    }
  },
  "h1a_results": {
    "T2": {
      "target_layer": "nar",
      "n_conversations": 30,
      "above_mean_count": 22,
      "above_mean_ratio": 0.7333333333333333,
      "passed": true
    },
    "T3": {
      "target_layer": "mor",
      "n_conversations": 30,
      "above_mean_count": 12,
      "above_mean_ratio": 0.4,
      "passed": false
    },
    "T4": {
      "target_layer": "soc",
      "n_conversations": 30,
      "above_mean_count": 25,
      "above_mean_ratio": 0.8333333333333334,
      "passed": true
    },
    "T5": {
      "target_layer": "pos",
      "n_conversations": 30,
      "above_mean_count": 0,
      "above_mean_ratio": 0.0,
      "passed": false
    }
  }
}