{
  "H1": {
    "T2": {
      "target_layer": "nar",
      "n_conversations": 360,
      "mean_target_ratio": 0.18534600279733418,
      "median_target_ratio": 0.1645325638389371,
      "n_heads_assigned": 2,
      "head_assigned": true
    },
    "T3": {
      "target_layer": "mor",
      "n_conversations": 360,
      "mean_target_ratio": 0.18042288115905286,
      "median_target_ratio": 0.19494281989760018,
      "n_heads_assigned": 1,
      "head_assigned": true
    },
    "T4": {
      "target_layer": "soc",
      "n_conversations": 360,
      "mean_target_ratio": 0.2632222682259282,
      "median_target_ratio": 0.2463864792371797,
      "n_heads_assigned": 4,
      "head_assigned": true
    },
    "T5": {
      "target_layer": "pos",
      "n_conversations": 360,
      "mean_target_ratio": 0.18108415751932647,
      "median_target_ratio": 0.16894597080834856,
      "n_heads_assigned": 2,
      "head_assigned": true
    },
    "aggregate": {
      "n_total": 1440,
      "mean_ratio": 0.2025188274254104,
      "chance_level": 0.2,
      "t_statistic": 1.1347160335317068,
      "p_value": 0.128341646844286,
      "passed": false
    },
    "head_assigned_layers": {
      "n": 1440,
      "mean_ratio": 0.2025188274254104,
      "median_ratio": 0.1961944079376198,
      "scenarios": [
        "T2",
        "T3",
        "T4",
        "T5"
      ]
    }
  },
  "H2": {
    "t1_mean": 14.09219843060538,
    "t1_std": 5.688279684119485,
    "failure_mean": 19.349959884231914,
    "failure_std": 14.676885670380967,
    "mean_difference": 5.257761453626534,
    "cohens_d": 0.47238239929781517,
    "mean_diff_ci_95": [
      -1.1259364783698267,
      1.1223564369191026
    ],
    "mann_whitney_statistic": 448142.0,
    "p_value": 1.3610417229628252e-07,
    "passed": 1
  },
  "H3": {
    "per_layer": {
      "min": {
        "statistic": 114.11932085949206,
        "epsilon_squared": 0.6375381053602909,
        "p_value": 5.514776478124123e-23,
        "corrected_alpha": 0.01,
        "n_groups": 6,
        "scenario_labels": [
          "T0",
          "T1",
          "T2",
          "T3",
          "T4",
          "T5"
        ],
        "passed": 1
      },
      "nar": {
        "statistic": 119.514510109249,
        "epsilon_squared": 0.6676788274259721,
        "p_value": 3.977029147674368e-24,
        "corrected_alpha": 0.01,
        "n_groups": 6,
        "scenario_labels": [
          "T0",
          "T1",
          "T2",
          "T3",
          "T4",
          "T5"
        ],
        "passed": 1
      },
      "soc": {
        "statistic": 121.14593680140173,
        "epsilon_squared": 0.6767929430245907,
        "p_value": 1.7946746846120115e-24,
        "corrected_alpha": 0.01,
        "n_groups": 6,
        "scenario_labels": [
          "T0",
          "T1",
          "T2",
          "T3",
          "T4",
          "T5"
        ],
        "passed": 1
      },
      "mor": {
        "statistic": 122.06799410637093,
        "epsilon_squared": 0.6819441011529103,
        "p_value": 1.1445174450638798e-24,
        "corrected_alpha": 0.01,
        "n_groups": 6,
        "scenario_labels": [
          "T0",
          "T1",
          "T2",
          "T3",
          "T4",
          "T5"
        ],
        "passed": 1
      },
      "pos": {
        "statistic": 122.60918936510292,
        "epsilon_squared": 0.6849675383525303,
        "p_value": 8.788979683205146e-25,
        "corrected_alpha": 0.01,
        "n_groups": 6,
        "scenario_labels": [
          "T0",
          "T1",
          "T2",
          "T3",
          "T4",
          "T5"
        ],
        "passed": 1
      }
    },
    "n_layers": 5,
    "corrected_alpha": 0.01,
    "all_layers_passed": true,
    "passed": true
  },
  "H4": {
    "per_layer": {
      "0": {
        "statistic": 116.13495243352503,
        "epsilon_squared": 0.6487986169470672,
        "p_value": 2.0656100786072048e-23,
        "corrected_alpha": 0.004166666666666667,
        "n_groups": 6,
        "scenario_labels": [
          "T0",
          "T1",
          "T2",
          "T3",
          "T4",
          "T5"
        ],
        "passed": 1
      },
      "1": {
        "statistic": 111.15506135306296,
        "epsilon_squared": 0.6209779963858266,
        "p_value": 2.3354225882114375e-22,
        "corrected_alpha": 0.004166666666666667,
        "n_groups": 6,
        "scenario_labels": [
          "T0",
          "T1",
          "T2",
          "T3",
          "T4",
          "T5"
        ],
        "passed": 1
      },
      "2": {
        "statistic": 111.47366308544945,
        "epsilon_squared": 0.6227578943321198,
        "p_value": 1.9999233076144393e-22,
        "corrected_alpha": 0.004166666666666667,
        "n_groups": 6,
        "scenario_labels": [
          "T0",
          "T1",
          "T2",
          "T3",
          "T4",
          "T5"
        ],
        "passed": 1
      },
      "3": {
        "statistic": 114.55172648178355,
        "epsilon_squared": 0.639953779227841,
        "p_value": 4.467383212103667e-23,
        "corrected_alpha": 0.004166666666666667,
        "n_groups": 6,
        "scenario_labels": [
          "T0",
          "T1",
          "T2",
          "T3",
          "T4",
          "T5"
        ],
        "passed": 1
      },
      "4": {
        "statistic": 98.04684418958487,
        "epsilon_squared": 0.5477477329027088,
        "p_value": 1.3632856293997708e-19,
        "corrected_alpha": 0.004166666666666667,
        "n_groups": 6,
        "scenario_labels": [
          "T0",
          "T1",
          "T2",
          "T3",
          "T4",
          "T5"
        ],
        "passed": 1
      },
      "5": {
        "statistic": 98.2315604385343,
        "epsilon_squared": 0.5487796672543815,
        "p_value": 1.246457978843798e-19,
        "corrected_alpha": 0.004166666666666667,
        "n_groups": 6,
        "scenario_labels": [
          "T0",
          "T1",
          "T2",
          "T3",
          "T4",
          "T5"
        ],
        "passed": 1
      },
      "6": {
        "statistic": 98.80112064088406,
        "epsilon_squared": 0.551961567826168,
        "p_value": 9.455615303189759e-20,
        "corrected_alpha": 0.004166666666666667,
        "n_groups": 6,
        "scenario_labels": [
          "T0",
          "T1",
          "T2",
          "T3",
          "T4",
          "T5"
        ],
        "passed": 1
      },
      "7": {
        "statistic": 96.27826291737377,
        "epsilon_squared": 0.5378673905998534,
        "p_value": 3.2137556791350974e-19,
        "corrected_alpha": 0.004166666666666667,
        "n_groups": 6,
        "scenario_labels": [
          "T0",
          "T1",
          "T2",
          "T3",
          "T4",
          "T5"
        ],
        "passed": 1
      },
      "8": {
        "statistic": 96.12552482409733,
        "epsilon_squared": 0.5370141051625549,
        "p_value": 3.460720313024548e-19,
        "corrected_alpha": 0.004166666666666667,
        "n_groups": 6,
        "scenario_labels": [
          "T0",
          "T1",
          "T2",
          "T3",
          "T4",
          "T5"
        ],
        "passed": 1
      },
      "9": {
        "statistic": 78.80393370903163,
        "epsilon_squared": 0.4402454397152605,
        "p_value": 1.4928279292876902e-15,
        "corrected_alpha": 0.004166666666666667,
        "n_groups": 6,
        "scenario_labels": [
          "T0",
          "T1",
          "T2",
          "T3",
          "T4",
          "T5"
        ],
        "passed": 1
      },
      "10": {
        "statistic": 76.46515316295087,
        "epsilon_squared": 0.4271796266086641,
        "p_value": 4.5998317048612174e-15,
        "corrected_alpha": 0.004166666666666667,
        "n_groups": 6,
        "scenario_labels": [
          "T0",
          "T1",
          "T2",
          "T3",
          "T4",
          "T5"
        ],
        "passed": 1
      },