{
  "model": "llama-7b",
  "n_samples": 180,
  "n_scenarios": 6,
  "block_names": [
    "min",
    "nar",
    "soc",
    "mor",
    "pos"
  ],
  "explained_variance_ratio": [
    0.9999201439702031,
    5.5440402481495456e-05,
    1.3142464599281973e-05,
    6.988514223020644e-06,
    4.2846484933066235e-06
  ],
  "cumulative_variance": [
    0.9999201439702031,
    0.9999755843726846,
    0.9999887268372839,
    0.9999957153515069,
    1.0000000000000002
  ],
  "loadings": [
    [
      -0.44722177563303145,
      -0.4471837645409559,
      -0.44721684124729444,
      -0.44722552291327394,
      -0.447220071877771
    ],
    [
      0.20103252777607838,
      -0.8734885473662055,
      0.3896492270745719,
      0.19039559411058,
      0.09234001288447391
    ],
    [
      0.481769843808692,
      0.12287015794170397,
      0.2170080391521073,
      0.01822809409832278,
      -0.8398666497800884
    ],
    [
      0.6390365277318465,
      -0.145592350599269,
      -0.7339938573100016,
      0.08310897309684245,
      0.15742013750908204
    ],
    [
      -0.34512134097527586,
      -0.02739032831887689,
      -0.2496619817263408,
      0.86976978826271,
      -0.2476094509988035
    ]
  ],
  "pc1_scenario_discrimination": {
    "pc": 1,
    "kruskal_wallis_statistic": 75.56948167689913,
    "epsilon_squared": 0.4221758752899393,
    "p_value": 7.075514991852057e-15,
    "n_groups": 6,
    "scenario_labels": [
      "T0",
      "T1",
      "T2",
      "T3",
      "T4",
      "T5"
    ],
    "passed": "True"
  },
  "residual_discrimination": {
    "PC2": {
      "kruskal_wallis_statistic": 25.52390251799142,
      "epsilon_squared": 0.142591634178723,
      "p_value": 0.0001103517627373905,
      "n_groups": 6,
      "scenario_labels": [
        "T0",
        "T1",
        "T2",
        "T3",
        "T4",
        "T5"
      ],
      "passed": "True"
    },
    "PC3": {
      "kruskal_wallis_statistic": 26.30770188976909,
      "epsilon_squared": 0.14697040161882172,
      "p_value": 7.777246965305244e-05,
      "n_groups": 6,
      "scenario_labels": [
        "T0",
        "T1",
        "T2",
        "T3",
        "T4",
        "T5"
      ],
      "passed": "True"
    },
    "PC4": {
      "kruskal_wallis_statistic": 95.21164496859586,
      "epsilon_squared": 0.5319086311094741,
      "p_value": 5.389130569103949e-19,
      "n_groups": 6,
      "scenario_labels": [
        "T0",
        "T1",
        "T2",
        "T3",
        "T4",
        "T5"
      ],
      "passed": "True"
    },
    "PC5": {
      "kruskal_wallis_statistic": 76.5331289225183,
      "epsilon_squared": 0.4275593794554095,
      "p_value": 4.451897166628011e-15,
      "n_groups": 6,
      "scenario_labels": [
        "T0",
        "T1",
        "T2",
        "T3",
        "T4",
        "T5"
      ],
      "passed": "True"
    }
  },
  "per_scenario_pc1_means": {
    "T0": {
      "mean": -2.8267053565205122,
      "std": 0.7690340882618312,
      "n": 30
    },
    "T1": {
      "mean": 1.6921308475737304,
      "std": 2.762575572780201,
      "n": 30
    },
    "T2": {
      "mean": 0.3421909831678576,
      "std": 1.698075907123481,
      "n": 30
    },
    "T3": {
      "mean": 1.0595253775737346,
      "std": 1.201301089572129,
      "n": 30
    },
    "T4": {
      "mean": -0.2705750390129332,
      "std": 1.7206711312877216,
      "n": 30
    },
    "T5": {
      "mean": 0.0034331872181277015,
      "std": 1.5233484655784784,
      "n": 30
    }
  },
  "singular_values": [
    29.99880213563839,
    0.22337493644844286,
    0.10875761186856656,
    0.0793073943634424,
    0.06209817746098479
  ]
}