{
  "model": "llama-7b",
  "n_conversations": 180,
  "holonomy": {
    "epsilon_sq": 0.4221771784440142
  },
  "attention_distance": {
    "epsilon_sq": 0.32104308446070273,
    "spearman_rho_with_holonomy": -0.16240584059207847,
    "spearman_p_value": 0.029390787188590308,
    "mean_per_scenario": {
      "T0": 0.004608540112773577,
      "T1": 0.004239251635347803,
      "T2": 0.00395481678036352,
      "T3": 0.004500133396747211,
      "T4": 0.004253075853921473,
      "T5": 0.0050829001081486545
    }
  },
  "attention_entropy": {
    "epsilon_sq": 0.05161127314471536,
    "spearman_rho_with_holonomy": -0.4071489965180522,
    "spearman_p_value": 1.410553056280904e-08,
    "mean_per_scenario": {
      "T0": 0.20070182234048844,
      "T1": 0.2024212876955668,
      "T2": 0.1990062952041626,
      "T3": 0.20632224927345913,
      "T4": 0.1993145207564036,
      "T5": 0.21196487943331402
    }
  },
  "residual_norm_change": {
    "epsilon_sq": 0.6480726240106338,
    "spearman_rho_with_holonomy": -0.23117570892148873,
    "spearman_p_value": 0.001794162320127033,
    "mean_per_scenario": {
      "T0": 110.09958902994792,
      "T1": 128.70000203450522,
      "T2": 112.14835942586264,
      "T3": 111.7964968363444,
      "T4": 100.66756439208984,
      "T5": 105.42774047851563
    }
  }
}