{
  "model": "llama-7b",
  "n_conversations": 180,
  "t0_stats": {
    "n": 30,
    "mean": 48.14681577167385,
    "std": 1.5152255750509585,
    "median": 47.51586603642062
  },
  "pairwise": {
    "T0_vs_T1": {
      "label_a": "T0",
      "label_b": "T1",
      "n_a": 30,
      "n_b": 30,
      "mean_a": 48.14681577167385,
      "mean_b": 39.34281884687547,
      "median_a": 47.51586603642062,
      "median_b": 38.82412460634876,
      "u_statistic": 848.0,
      "p_value": 4.129193855730595e-09,
      "cohens_d": 2.199816892337683,
      "rank_biserial_r": -0.8844444444444444,
      "significant_at_005": "True",
      "significant_at_001": "True"
    },
    "T0_vs_T2": {
      "label_a": "T0",
      "label_b": "T2",
      "n_a": 30,
      "n_b": 30,
      "mean_a": 48.14681577167385,
      "mean_b": 41.94575518589992,
      "median_a": 47.51586603642062,
      "median_b": 40.903036757777336,
      "u_statistic": 822.0,
      "p_value": 3.920431236578459e-08,
      "cohens_d": 2.368083656586162,
      "rank_biserial_r": -0.8266666666666667,
      "significant_at_005": "True",
      "significant_at_001": "True"
    },
    "T0_vs_T3": {
      "label_a": "T0",
      "label_b": "T3",
      "n_a": 30,
      "n_b": 30,
      "mean_a": 48.14681577167385,
      "mean_b": 40.548112333330764,
      "median_a": 47.51586603642062,
      "median_b": 39.676073433371826,
      "u_statistic": 900.0,
      "p_value": 2.971003012292459e-11,
      "cohens_d": 3.80353849643688,
      "rank_biserial_r": -1.0,
      "significant_at_005": "True",
      "significant_at_001": "True"
    },
    "T0_vs_T4": {
      "label_a": "T0",
      "label_b": "T4",
      "n_a": 30,
      "n_b": 30,
      "mean_a": 48.14681577167385,
      "mean_b": 43.1429859432612,
      "median_a": 47.51586603642062,
      "median_b": 43.95569387464829,
      "u_statistic": 846.0,
      "p_value": 4.934873406347245e-09,
      "cohens_d": 1.8970288183529023,
      "rank_biserial_r": -0.8799999999999999,
      "significant_at_005": "True",
      "significant_at_001": "True"
    },
    "T0_vs_T5": {
      "label_a": "T0",
      "label_b": "T5",
      "n_a": 30,
      "n_b": 30,
      "mean_a": 48.14681577167385,
      "mean_b": 42.60462219865213,
      "median_a": 47.51586603642062,
      "median_b": 43.624404683819705,
      "u_statistic": 900.0,
      "p_value": 2.974735431495655e-11,
      "cohens_d": 2.315402808297275,
      "rank_biserial_r": -1.0,
      "significant_at_005": "True",
      "significant_at_001": "True"
    }
  },
  "per_block": {
    "min": {
      "T0_vs_T2": {
        "cohens_d": 2.37123983378469,
        "p_value": 3.849728922676892e-08
      },
      "T0_vs_T3": {
        "cohens_d": 3.812758879162757,
        "p_value": 2.910031731343148e-11
      },
      "T0_vs_T4": {
        "cohens_d": 1.8920250773208127,
        "p_value": 4.799048480785196e-09
      },
      "T0_vs_T5": {
        "cohens_d": 2.3069405429682734,
        "p_value": 2.897246119704243e-11
      }
    },
    "nar": {
      "T0_vs_T2": {
        "cohens_d": 2.3532576706179107,
        "p_value": 3.823089156164985e-08
      },
      "T0_vs_T3": {
        "cohens_d": 3.7617521542937626,
        "p_value": 2.8718285362091784e-11
      },
      "T0_vs_T4": {
        "cohens_d": 1.8686634367229678,
        "p_value": 4.829730426024199e-09
      },
      "T0_vs_T5": {
        "cohens_d": 2.2893024240249833,
        "p_value": 2.902719378174862e-11
      }
    },
    "soc": {
      "T0_vs_T2": {
        "cohens_d": 2.358661728591846,
        "p_value": 3.8547418894134274e-08
      },
      "T0_vs_T3": {
        "cohens_d": 3.7728719573019456,
        "p_value": 2.922868803553991e-11
      },
      "T0_vs_T4": {
        "cohens_d": 1.883636137728884,
        "p_value": 4.7428592520518766e-09
      },
      "T0_vs_T5": {
        "cohens_d": 2.3095334029680927,
        "p_value": 2.911862443817617e-11
      }
    },
    "mor": {
      "T0_vs_T2": {
        "cohens_d": 2.3643582469658173,
        "p_value": 3.793312032502934e-08
      },
      "T0_vs_T3": {
        "cohens_d": 3.8103364222807774,
        "p_value": 2.8144934629963016e-11
      },
      "T0_vs_T4": {
        "cohens_d": 1.8965405446736927,
        "p_value": 4.731226963854911e-09
      },
      "T0_vs_T5": {
        "cohens_d": 2.31541082352238,
        "p_value": 2.8358705608852014e-11
      }
    },
    "pos": {
      "T0_vs_T2": {
        "cohens_d": 2.3706838292210257,
        "p_value": 3.8397200700112264e-08
      },
      "T0_vs_T3": {
        "cohens_d": 3.7829781521650747,
        "p_value": 2.8609977053686734e-11
      },
      "T0_vs_T4": {
        "cohens_d": 1.8879304292902812,
        "p_value": 4.8037574865156466e-09
      },
      "T0_vs_T5": {
        "cohens_d": 2.3088968649920774,
        "p_value": 2.8466145750986777e-11
      }
    }
  }
}