{
  "n_subsets": 5,
  "subset_size": 6,
  "n_bootstrap": 20,
  "per_subset": [
    {
      "subset_id": 0,
      "subset_size": 6,
      "t1_ids": [
        "T1/test/9",
        "T1/test/23",
        "T1/test/15",
        "T1/test/5",
        "T1/test/4",
        "T1/test/29"
      ],
      "h3_epsilon_sq": {
        "mean": 0.46451742167638416,
        "std": 0.0107703708376494,
        "min": 0.45319642504104485,
        "max": 0.4942388941200835
      },
      "h7_cohens_d": {
        "mean": 1.8064183882158276,
        "std": 0.35714077443625203,
        "min": 1.1985263079282336,
        "max": 2.684588082445398
      },
      "t0_rank": {
        "mode": 1,
        "always_first": true,
        "ranks": [
          1,
          1,
          1,
          1,
          1,
          1,
          1,
          1,
          1,
          1,
          1,
          1,
          1,
          1,
          1,
          1,
          1,
          1,
          1,
          1
        ]
      }
    },
    {
      "subset_id": 1,
      "subset_size": 6,
      "t1_ids": [
        "T1/test/13",
        "T1/test/28",
        "T1/test/6",
        "T1/test/18",
        "T1/test/26",
        "T1/test/27"
      ],
      "h3_epsilon_sq": {
        "mean": 0.4623284745236119,
        "std": 0.010079134084473643,
        "min": 0.45319715545756445,
        "max": 0.49423970630768066
      },
      "h7_cohens_d": {
        "mean": 1.7332064669630778,
        "std": 0.3332816690738282,
        "min": 1.19852630182564,
        "max": 2.680262111367098
      },
      "t0_rank": {
        "mode": 1,
        "always_first": true,
        "ranks": [
          1,
          1,
          1,
          1,
          1,
          1,
          1,
          1,
          1,
          1,
          1,
          1,
          1,
          1,
          1,
          1,
          1,
          1,
          1,
          1
        ]
      }
    },
    {
      "subset_id": 2,
      "subset_size": 6,
      "t1_ids": [
        "T1/test/17",
        "T1/test/14",
        "T1/test/25",
        "T1/test/11",
        "T1/test/0",
        "T1/test/22"
      ],
      "h3_epsilon_sq": {
        "mean": 0.5092200955670698,
        "std": 0.005231643013103718,
        "min": 0.4995793869439024,
        "max": 0.5186820164941343
      },
      "h7_cohens_d": {
        "mean": 3.3512574026672772,
        "std": 0.054679766270322984,
        "min": 3.2908551274578226,
        "max": 3.4191898478225498
      },
      "t0_rank": {
        "mode": 1,
        "always_first": true,
        "ranks": [
          1,
          1,
          1,
          1,
          1,
          1,
          1,
          1,
          1,
          1,
          1,
          1,
          1,
          1,
          1,
          1,
          1,
          1,
          1,
          1
        ]
      }
    },
    {
      "subset_id": 3,
      "subset_size": 6,
      "t1_ids": [
        "T1/test/24",
        "T1/test/3",
        "T1/test/2",
        "T1/test/19",
        "T1/test/21",
        "T1/test/8"
      ],
      "h3_epsilon_sq": {
        "mean": 0.4551124312604776,
        "std": 0.008209655992759017,
        "min": 0.445385043443068,
        "max": 0.4823831974587823
      },
      "h7_cohens_d": {
        "mean": 1.4797590310512774,
        "std": 0.24504004692502565,
        "min": 1.0315110834455463,
        "max": 2.1798178375173562
      },
      "t0_rank": {
        "mode": 1,
        "always_first": true,
        "ranks": [
          1,
          1,
          1,
          1,
          1,
          1,
          1,
          1,
          1,
          1,
          1,
          1,
          1,
          1,
          1,
          1,
          1,
          1,
          1,
          1
        ]
      }
    },
    {
      "subset_id": 4,
      "subset_size": 6,
      "t1_ids": [
        "T1/test/10",
        "T1/test/12",
        "T1/test/7",
        "T1/test/1",
        "T1/test/20",
        "T1/test/16"
      ],
      "h3_epsilon_sq": {
        "mean": 0.465121787279032,
        "std": 0.00500619781509006,
        "min": 0.4601893532195582,
        "max": 0.4815721208952524
      },
      "h7_cohens_d": {
        "mean": 1.5519795302536041,
        "std": 0.12411893375500284,
        "min": 1.306902864283777,
        "max": 1.7170815205837626
      },
      "t0_rank": {
        "mode": 1,
        "always_first": true,
        "ranks": [
          1,
          1,
          1,
          1,
          1,
          1,
          1,
          1,
          1,
          1,
          1,
          1,
          1,
          1,
          1,
          1,
          1,
          1,
          1,
          1
        ]
      }
    }
  ],
  "aggregate": {
    "h3_epsilon_sq_range": [
      0.4551124312604776,
      0.5092200955670698
    ],
    "h3_epsilon_sq_mean": 0.47126004206131517,
    "h3_robust": true,
    "h7_cohens_d_range": [
      1.4797590310512774,
      3.3512574026672772
    ],
    "h7_cohens_d_mean": 1.9845241638302127,
    "t0_always_first_in": 5,
    "t0_rank_robust": true
  }
}